name,link
How I Scraped This HTML Table to a Python Dictionary,https://www.youtube.com/watch?v=kmosTh85dEs
How & When to use Python Type HINTS,https://www.youtube.com/watch?v=0Qu_vJp0OAQ
Use THIS Algorithm To Find KEYWORDS in Text - A Short Python Project,https://www.youtube.com/watch?v=O43XPHC_DEs
SQLModel is the Pydantic inspired Python ORM we’ve been waiting for,https://www.youtube.com/watch?v=1oGW-ItQG94
How to use Enumerate in Python to have a Counter in your loops,https://www.youtube.com/watch?v=I4pVZuNBnH4
How to HIDE Your API Keys in Python Projects,https://www.youtube.com/watch?v=CJjSOzb0IYs
How to Make 2500 HTTP Requests in 2 Seconds with Async & Await,https://www.youtube.com/watch?v=Ii7x4mpIhIs
Are You Still Using Excel? AUTOMATE it with PYTHON,https://www.youtube.com/watch?v=PBRMvAKz_rQ
A Beginner Python Project: Web Scraping HTML League Tables,https://www.youtube.com/watch?v=YjpGdFwIAxg
THIS is the most common ERROR when learning Web Scraping,https://www.youtube.com/watch?v=LEH05TuuEg0
"Learn Web Scraping With Python: Full Project - HTML, Save to CSV, Pagination",https://www.youtube.com/watch?v=GyB43hudfQw
Turn Websites into Real Time API's with ScrapyRT,https://www.youtube.com/watch?v=_LLSiBMD_sk
HTTPX is the ASYNC Requests I was Looking For,https://www.youtube.com/watch?v=2FNcJKCfrzI
Research Amazon Products by Extracting Review Data,https://www.youtube.com/watch?v=UD4VzOfhBCQ
"Web Scraping 101 - My (in)complete guide, methods, tools, how to",https://www.youtube.com/watch?v=EJNJ5_i_zu8
How to Scrape JavaScript Websites with Scrapy and Playwright,https://www.youtube.com/watch?v=0wO7K-SoUHM
Web Scraping with Node js? Python Expert Opinion and demo,https://www.youtube.com/watch?v=VM8mE9iXAMo
Automate Buying online using Playwright’s Codegen feature,https://www.youtube.com/watch?v=oPjfDkge8Vc
Login and Scrape Data with Playwright and Python,https://www.youtube.com/watch?v=H2-5ecFwHHQ
Parse HTML with BeautifulSoup AND Scrapy,https://www.youtube.com/watch?v=b3OEo0p6tUM
HIDING Data with JavaScript? Web Scraping Obfuscation,https://www.youtube.com/watch?v=ks-iekIJy6M
Following LINKS Automatically with Scrapy CrawlSpider,https://www.youtube.com/watch?v=o1g8prnkuiQ
Web Scraping Weather Data with Python,https://www.youtube.com/watch?v=cta1yCb3vA8
Scrapy Shell: A few tips I've learned,https://www.youtube.com/watch?v=yLOUJegHoMg
How To Handle Errors & Exceptions with Requests and Python,https://www.youtube.com/watch?v=ULv9x0GQFbw
A Short and SIMPLE HTML Web Scraper in 6 lines of CODE,https://www.youtube.com/watch?v=EmDwXmwxVW8
Failed Requests? Try this RETRY Decorator for your Web Scraper,https://www.youtube.com/watch?v=gzQUzslnfeU
This SQLite Database Model is Easy and Ready for your Python Projects!,https://www.youtube.com/watch?v=LFG2Kx1m-Dc
Create A Web Scraper Class in Python and requests-html,https://www.youtube.com/watch?v=ouWLsFTgaQw
IMPROVE Your CODE by Adding Logging to a file in Python,https://www.youtube.com/watch?v=fYmQLv16-44
